customer_id,transaction_amount,transaction_date
374,350.01,2023-07-02
229,362.24,2023-10-01
12,374.19,2023-06-06
271,258.61,2023-03-24
155,211.76,2023-07-31
62,329.01,2023-07-12
190,114.9,2023-12-25
62,208.82,2023-12-17
498,42.48,2023-10-20
258,225.83,2023-09-17
76,328.36,2023-12-12
67,294.76,2023-10-07
194,289.02,2023-02-05
55,469.15,2023-05-15
448,485.53,2023-10-08
126,227.31,2023-05-16
212,208.69,2023-02-02
175,494.97,2023-04-24
417,179.52,2023-04-29
125,100.27,2023-06-23
392,89.78,2023-03-22
463,111.57,2023-12-18
332,411.62,2023-11-07
458,411.28,2023-05-03
345,288.67,2023-05-09
179,269.77,2023-12-24
138,273.45,2023-09-16
58,106.42,2023-07-11
103,245.44,2023-02-21
104,289.09,2023-05-23
453,220.02,2023-06-28
323,380.64,2023-04-21
348,110.5,2023-12-15
122,24.52,2023-03-06
118,17.37,2023-11-30
208,229.37,2023-05-29
111,33.51,2023-05-10
169,368.15,2023-01-12
75,19.98,2023-01-20
275,110.31,2023-12-07
105,384.46,2023-11-07
246,486.57,2023-12-28
53,76.93,2023-01-06
424,176.69,2023-07-23
343,430.87,2023-08-12
454,73.97,2023-04-16
443,146.46,2023-03-24
358,268.1,2023-07-03
199,11.46,2023-10-12
438,44.8,2023-01-02
267,413.24,2023-07-26
27,233.8,2023-02-09
6,406.68,2023-05-29
8,136.18,2023-12-21
82,278.09,2023-05-26
75,273.95,2023-04-21
7,256.7,2023-06-23
209,172.51,2023-08-09
190,282.05,2023-08-14
64,486.19,2023-06-15
305,472.51,2023-06-10
206,442.66,2023-06-13
467,366.15,2023-10-20
121,234.98,2023-09-24
79,376.77,2023-05-10
321,90.21,2023-02-27
54,181.21,2023-11-16
143,247.91,2023-06-22
366,490.39,2023-03-16
221,244.71,2023-05-30
87,125.15,2023-03-13
292,301.08,2023-11-26
82,137.19,2023-07-08
103,480.55,2023-04-18
25,255.89,2023-10-31
361,173.47,2023-06-02
297,258.98,2023-11-10
103,370.78,2023-09-30
383,449.47,2023-01-10
408,220.36,2023-10-10
378,389.41,2023-01-29
285,299.54,2023-10-27
147,457.13,2023-12-13
16,281.24,2023-09-25
44,406.34,2023-12-24
312,21.59,2023-12-03
293,192.09,2023-04-11
274,137.9,2023-07-22
487,70.55,2023-08-05
51,266.19,2023-09-26
163,306.11,2023-07-07
177,376.97,2023-03-01
209,305.24,2023-05-21
353,404.43,2023-12-19
114,495.52,2023-03-21
392,250.85,2023-08-03
443,187.43,2023-11-08
298,182.07,2023-04-17
354,269.89,2023-02-04
266,48.5,2023-12-27
484,239.88,2023-02-11
71,164.56,2023-02-28
380,347.31,2023-01-30
146,247.05,2023-02-26
6,178.9,2023-09-09
208,221.73,2024-01-01
15,276.6,2023-07-26
263,181.92,2023-10-29
300,115.44,2023-08-17
207,291.65,2023-03-13
64,122.25,2023-04-01
57,134.91,2023-05-19
444,120.13,2023-09-21
142,92.21,2023-01-21
198,484.4,2023-02-05
173,37.46,2023-11-09
109,132.76,2023-03-26
246,425.21,2023-09-22
85,121.38,2023-04-11
303,187.54,2023-06-07
66,68.34,2023-05-28
126,479.72,2023-05-03
182,109.13,2023-09-06
41,99.95,2023-04-27
250,389.7,2023-04-08
480,436.5,2023-12-29
20,295.2,2023-09-24
118,31.4,2023-06-16
438,67.62,2023-02-19
270,438.29,2023-07-24
137,266.04,2023-11-13
186,28.28,2023-10-06
152,221.91,2023-12-20
273,388.18,2023-07-06
297,215.58,2023-07-06
421,435.42,2023-02-23
123,18.53,2023-12-24
81,78.19,2023-06-30
466,172.18,2023-05-19
2,163.58,2023-12-25
127,396.75,2023-05-01
217,91.13,2023-01-25
74,168.35,2023-05-03
43,140.55,2023-08-04
220,138.13,2023-08-05
484,408.13,2023-06-24
368,32.7,2023-06-17
246,297.95,2023-08-19
409,143.9,2023-03-06
47,400.98,2023-04-18
399,494.48,2023-04-15
110,217.59,2023-10-07
195,451.19,2023-06-05
164,123.79,2023-10-03
142,373.32,2023-06-09
374,160.43,2023-05-07
273,351.9,2023-10-04
317,75.84,2023-12-05
236,111.48,2023-07-12
208,76.02,2023-04-18
360,139.42,2023-08-10
111,305.95,2023-01-08
312,138.59,2023-12-10
24,253.81,2023-10-14
48,293.79,2023-09-05
362,109.37,2023-10-21
349,309.21,2023-05-27
131,270.13,2023-02-17
127,268.81,2023-02-16
316,71.77,2023-05-31
203,159.61,2023-06-15
431,239.1,2023-10-18
216,181.2,2023-01-09
291,110.52,2023-05-01
155,401.81,2023-07-29
243,38.1,2023-10-22
175,323.5,2023-01-30
280,287.44,2023-12-05
131,319.77,2023-02-16
131,496.64,2023-12-28
226,49.7,2023-10-22
252,150.74,2023-02-12
110,184.14,2023-02-24
313,49.06,2023-04-29
56,125.81,2023-06-13
135,231.29,2023-06-07
500,304.94,2023-09-28
442,462.34,2023-12-30
45,294.11,2023-03-27
427,482.09,2023-04-12
466,305.53,2023-06-27
30,13.18,2023-04-07
38,162.75,2023-12-31
309,457.56,2023-08-19
114,182.47,2023-12-28
90,359.86,2023-09-18
234,398.27,2023-12-26
118,46.26,2023-10-31
117,99.81,2023-11-30
420,73.86,2023-03-16
41,70.84,2023-05-03
139,57.06,2023-07-27
290,244.19,2023-09-24
6,46.79,2023-11-30
36,137.24,2023-11-01
373,278.94,2023-12-03
340,95.99,2023-01-28
390,284.42,2023-08-04
21,231.37,2023-01-01
404,354.67,2023-05-23
65,140.26,2023-08-06
29,238.61,2023-02-24
348,125.71,2023-01-01
361,48.94,2023-05-08
327,423.45,2023-04-06
137,259.68,2023-07-21
142,133.31,2023-03-15
81,414.33,2023-11-25
238,229.64,2023-10-03
107,221.99,2023-10-27
62,245.39,2023-01-23
70,395.95,2023-04-06
46,436.57,2023-08-31
434,133.31,2023-05-30
472,40.79,2023-08-13
175,369.48,2023-07-31
102,419.99,2023-06-07
388,330.1,2023-12-02
417,411.86,2023-11-11
275,149.83,2023-12-31
154,125.48,2023-04-01
226,350.35,2023-06-24
107,316.37,2023-03-13
119,147.75,2023-07-27
206,99.83,2023-02-21
133,498.28,2023-10-27
152,424.46,2023-11-25
97,135.4,2023-08-07
402,28.96,2023-06-15
77,166.13,2023-11-25
412,122.82,2023-05-10
477,426.08,2023-01-11
181,395.39,2023-06-15
18,264.07,2023-01-08
358,307.26,2023-09-05
271,496.43,2023-10-18
242,279.4,2023-06-10
464,139.29,2023-09-19
491,464.62,2023-04-23
97,123.23,2023-09-06
445,156.48,2023-06-22
247,327.65,2023-03-11
108,114.97,2023-01-18
410,480.7,2023-01-08
294,134.86,2023-08-07
120,74.12,2023-09-09
197,285.47,2023-12-20
420,377.39,2023-02-06
141,179.13,2023-10-13
292,316.8,2023-03-21
281,214.91,2023-03-26
282,176.91,2023-01-18
316,430.72,2023-07-28
7,247.64,2023-02-11
296,364.06,2023-02-09
375,46.69,2023-05-17
345,101.02,2023-05-26
72,384.81,2023-04-27
263,183.57,2023-08-15
37,206.87,2023-07-06
98,479.45,2023-12-08
143,114.97,2023-05-17
144,445.48,2023-10-25
454,160.3,2023-05-29
469,265.84,2023-11-27
139,300.95,2023-03-10
457,193.67,2023-05-10
260,259.3,2023-09-19
226,15.62,2023-04-13
34,190.06,2023-08-12
215,389.77,2023-01-22
233,327.24,2023-03-14
131,474.23,2023-01-26
311,394.34,2023-03-18
27,71.59,2023-10-02
186,376.62,2023-11-02
316,437.0,2023-12-28
409,410.3,2023-04-28
50,180.22,2023-11-25
262,311.89,2023-12-29
451,277.31,2023-08-09
61,29.01,2023-09-20
165,359.03,2023-08-01
137,107.07,2023-06-10
273,221.3,2023-06-21
233,326.45,2023-10-08
79,253.25,2023-08-19
292,31.06,2023-10-16
20,176.64,2023-07-27
400,341.54,2023-10-18
232,224.71,2023-03-04
26,156.41,2023-03-04
14,92.26,2023-04-11
459,203.12,2023-12-06
204,191.26,2023-12-06
483,259.26,2023-04-03
300,467.85,2023-06-12
96,420.82,2023-01-23
23,412.08,2023-06-21
400,240.61,2023-01-02
36,336.21,2023-09-29
446,193.63,2023-06-09
83,189.46,2023-03-08
77,93.4,2023-01-02
46,140.37,2023-07-04
485,375.74,2023-09-18
287,279.4,2023-05-03
13,280.07,2023-10-14
334,144.3,2023-11-20
160,240.72,2023-08-01
118,434.92,2023-05-02
285,343.53,2023-10-05
466,275.87,2023-07-07
8,173.88,2023-09-23
408,371.14,2023-01-23
262,317.8,2023-11-13
164,224.16,2023-09-30
389,315.37,2023-12-25
342,120.34,2023-08-17
364,442.45,2023-01-05
203,475.69,2023-07-25
200,59.79,2023-04-12
68,358.98,2023-10-16
214,426.99,2023-02-09
485,319.55,2023-11-15
10,106.51,2023-04-22
167,59.47,2023-05-01
486,322.34,2023-10-10
105,187.71,2023-10-20
287,458.34,2023-06-20
181,470.89,2023-04-19
463,217.45,2023-01-05
449,276.47,2023-11-03
483,474.18,2023-04-28
401,312.91,2023-12-25
252,397.51,2023-12-09
208,119.1,2023-09-03
391,188.24,2023-09-30
439,20.46,2023-07-02
310,441.78,2023-05-02
276,164.5,2023-04-14
100,357.28,2023-10-20
171,27.92,2023-09-26
93,411.13,2023-07-31
346,447.45,2023-04-10
401,424.51,2023-10-18
484,422.46,2023-10-10
119,86.34,2023-02-25
263,374.53,2023-06-02
310,272.67,2023-11-25
6,362.67,2023-10-29
440,168.63,2023-02-01
347,261.53,2023-06-19
73,27.51,2023-03-15
7,69.0,2023-10-03
70,144.96,2023-10-29
51,297.55,2023-08-03
447,488.67,2023-07-06
325,477.67,2023-01-19
285,195.13,2023-06-17
133,171.7,2023-07-14
243,208.76,2023-01-01
471,101.6,2023-09-01
389,36.27,2023-09-24
49,166.86,2023-06-24
159,287.58,2023-09-03
105,476.76,2023-07-10
37,185.46,2023-01-20
125,299.81,2023-08-25
456,94.86,2023-08-29
321,199.42,2023-10-13
268,57.26,2023-09-04
451,350.09,2023-05-07
426,150.55,2023-05-27
136,248.87,2023-12-18
68,258.99,2023-06-15
227,235.05,2023-07-19
48,411.22,2023-06-21
156,286.07,2023-01-15
184,115.9,2023-09-21
264,322.78,2023-11-01
478,463.73,2023-01-22
231,394.2,2023-06-20
185,73.51,2023-01-03
20,45.51,2023-02-06
226,378.67,2023-05-04
283,424.98,2023-05-04
78,34.62,2023-07-06
304,222.52,2023-05-02
45,214.65,2023-04-14
221,95.2,2023-09-26
387,185.98,2023-07-06
88,213.49,2023-05-19
170,364.1,2023-05-08
341,376.6,2023-02-28
327,463.92,2023-08-10
216,412.72,2023-12-23
455,371.74,2023-10-23
307,212.61,2023-03-06
247,136.43,2023-06-25
15,62.44,2023-01-02
43,209.68,2023-08-15
258,37.31,2023-12-11
466,486.68,2023-04-12
123,81.99,2023-03-10
104,281.16,2023-07-08
325,333.7,2023-12-21
178,62.36,2023-07-30
476,499.93,2023-09-19
291,53.83,2023-01-07
478,407.01,2023-01-14
265,133.01,2023-11-12
444,32.31,2023-08-14
261,141.71,2023-06-14
9,273.05,2023-03-14
130,476.98,2023-12-31
36,153.72,2023-11-01
164,401.65,2023-03-13
312,464.21,2023-05-24
468,354.04,2023-07-07
396,422.44,2023-04-02
450,172.19,2023-03-12
241,208.17,2023-05-04
80,50.42,2023-11-22
320,405.12,2023-10-26
407,48.84,2023-02-26
186,448.32,2023-03-13
220,319.25,2023-01-12
413,126.8,2023-08-05
389,322.64,2023-06-18
430,99.1,2023-02-02
326,464.78,2023-08-20
264,124.58,2023-03-05
350,454.0,2023-09-20
408,203.81,2023-05-26
336,255.05,2023-04-16
320,481.76,2023-04-23
466,332.12,2023-02-26
40,285.46,2023-02-07
491,190.81,2023-10-20
160,497.88,2023-02-17
385,490.77,2023-02-03
199,362.32,2023-04-10
421,483.5,2023-05-23
108,109.42,2023-04-05
421,311.89,2023-08-30
434,356.31,2023-11-17
307,223.67,2023-01-08
195,270.84,2023-11-08
286,77.66,2023-02-14
141,97.92,2023-07-28
256,319.02,2023-02-13
345,391.53,2023-09-16
453,154.28,2023-09-27
242,237.61,2023-11-27
327,102.1,2023-08-16
344,456.42,2023-09-27
422,194.52,2023-09-11
111,34.13,2023-06-25
251,263.87,2023-09-06
15,169.39,2023-05-19
226,127.85,2023-09-25
80,153.94,2023-05-12
143,421.9,2023-06-06
56,291.71,2023-06-09
499,294.14,2023-08-19
7,328.68,2023-02-14
108,154.63,2023-09-21
151,433.51,2023-11-18
242,88.61,2023-10-06
248,85.74,2023-02-19
191,402.05,2023-02-20
144,473.67,2023-06-22
150,238.74,2023-04-20
372,88.39,2023-05-31
18,136.53,2023-05-27
416,100.11,2023-02-16
111,369.22,2023-08-09
256,407.62,2023-04-21
55,349.66,2023-08-19
320,349.78,2023-07-19
439,281.42,2023-12-16
35,434.84,2023-07-30
227,494.23,2023-03-20
458,103.76,2023-10-03
208,308.11,2023-11-04
206,155.53,2023-04-07
187,206.43,2023-07-13
373,142.17,2023-05-10
61,411.08,2023-07-17
434,171.46,2023-06-25
37,24.15,2023-05-04
32,95.41,2023-11-13
422,282.18,2023-06-04
340,203.28,2023-05-05
309,265.91,2023-09-21
495,483.7,2023-03-15
294,402.44,2023-03-20
407,97.05,2023-08-02
37,185.26,2023-04-11
135,211.64,2023-10-06
57,274.47,2023-07-25
136,303.38,2023-04-05
304,301.94,2023-09-22
12,60.32,2023-12-16
265,62.43,2023-04-15
127,339.28,2023-09-15
479,256.47,2023-04-05
307,368.2,2023-02-17
208,23.81,2023-03-12
173,498.95,2023-04-26
79,163.98,2023-02-11
302,225.46,2023-03-24
80,14.5,2023-09-27
180,339.04,2023-09-13
8,360.41,2023-01-09
429,481.2,2023-03-31
237,322.59,2023-03-08
266,464.88,2023-10-17
331,110.87,2023-02-16
370,66.84,2023-03-19
457,164.91,2023-04-03
308,168.27,2023-09-22
187,415.68,2023-04-22
22,311.63,2023-08-11
360,353.3,2023-02-11
213,69.63,2023-09-23
448,324.02,2023-05-19
96,213.57,2023-04-07
327,167.01,2023-06-15
420,348.0,2023-07-15
282,266.43,2023-06-18
387,423.41,2023-01-13
253,81.13,2023-03-15
262,479.29,2023-09-13
220,284.38,2023-05-27
16,317.01,2023-05-16
473,312.23,2023-02-10
303,385.6,2023-09-11
136,146.23,2023-09-29
89,127.01,2023-04-05
499,84.61,2023-10-22
490,165.89,2023-12-01
287,329.2,2023-09-16
240,418.44,2023-02-03
455,492.5,2023-03-15
199,392.55,2023-03-22
123,476.92,2023-12-05
417,122.2,2023-08-31
442,313.53,2023-12-11
167,422.14,2023-06-27
385,338.74,2023-10-18
398,23.03,2023-03-03
497,11.38,2023-02-03
339,360.59,2023-11-23
437,106.52,2023-09-16
194,422.8,2023-11-27
203,297.71,2023-09-19
246,132.59,2023-07-11
116,373.0,2023-04-29
53,328.37,2023-04-06
360,24.21,2023-08-12
125,31.04,2023-06-24
59,402.16,2023-07-31
61,294.37,2023-06-24
18,105.92,2023-09-08
315,426.63,2023-11-01
455,379.92,2023-05-14
106,266.22,2023-11-24
437,204.57,2023-06-17
68,113.52,2023-11-01
228,34.0,2023-07-13
167,185.82,2023-09-09
269,372.75,2023-10-17
274,464.66,2023-09-16
22,83.56,2023-08-16
375,83.47,2023-03-09
357,30.15,2023-01-02
459,458.11,2023-03-17
302,344.03,2023-12-30
328,37.17,2023-01-14
153,172.92,2023-01-29
257,421.09,2023-01-30
208,288.17,2023-07-13
462,188.13,2023-09-07
269,283.66,2023-10-20
56,153.08,2023-04-23
474,481.08,2023-05-01
492,315.11,2023-07-27
27,463.9,2023-12-26
102,42.53,2023-10-18
129,153.4,2023-10-05
37,346.64,2023-02-22
250,293.02,2023-01-22
148,297.18,2023-08-10
444,292.82,2023-09-22
403,456.48,2023-08-06
210,67.38,2023-04-28
52,114.8,2023-06-10
499,285.56,2023-04-27
245,282.6,2023-02-15
1,495.83,2023-07-08
469,93.89,2023-03-08
70,197.35,2023-12-08
69,155.82,2023-11-25
109,63.19,2023-02-23
341,182.8,2023-01-17
296,318.42,2023-05-27
172,257.37,2023-08-18
7,138.62,2023-07-13
9,102.0,2023-02-27
166,374.89,2023-05-30
114,495.82,2023-05-18
197,105.59,2023-05-22
467,128.4,2023-01-21
284,75.03,2023-11-10
111,449.01,2023-12-24
116,298.84,2023-07-04
362,332.58,2023-11-02
313,286.2,2023-08-22
185,380.12,2023-06-17
47,488.78,2023-12-27
468,294.33,2023-05-24
141,28.96,2023-10-06
61,98.03,2023-04-17
451,418.91,2023-06-27
191,364.48,2023-01-23
283,281.18,2023-08-26
24,94.3,2023-08-02
176,130.54,2023-04-20
248,28.62,2023-11-16
189,205.03,2023-10-18
493,320.71,2023-11-01
447,88.43,2023-10-27
466,276.89,2023-06-20
205,106.45,2023-07-10
279,115.85,2023-02-28
219,339.53,2023-04-14
221,362.58,2023-07-22
489,244.68,2023-07-08
398,118.1,2023-11-08
416,275.63,2023-10-13
203,422.47,2023-01-16
318,197.09,2023-03-08
148,333.06,2023-05-05
423,109.2,2023-03-12
282,259.44,2023-04-20
415,186.22,2023-11-06
345,405.93,2023-07-24
281,29.47,2023-09-30
173,197.64,2023-11-07
4,323.18,2023-06-14
459,55.13,2023-10-13
164,141.28,2023-09-09
222,151.26,2023-07-01
447,455.99,2023-08-31
2,249.97,2023-06-08
382,339.26,2023-08-28
23,42.26,2023-10-24
340,154.61,2023-03-07
93,282.92,2023-08-02
186,304.94,2023-05-26
164,266.37,2023-05-25
293,108.82,2023-10-25
121,446.03,2023-11-30
348,98.88,2023-08-07
118,468.28,2023-03-20
29,30.79,2023-10-19
317,346.44,2023-06-24
493,176.93,2023-05-08
40,446.23,2023-11-20
182,40.47,2023-01-14
452,335.69,2023-03-30
164,398.69,2023-08-10
355,295.24,2023-04-21
441,285.03,2023-11-01
297,116.51,2023-02-08
129,349.89,2023-10-21
259,59.78,2023-11-17
305,484.84,2023-01-09
39,207.16,2023-10-06
308,56.65,2023-12-23
80,460.08,2023-02-13
243,274.12,2023-10-24
343,417.14,2023-04-22
240,217.63,2023-04-01
269,446.26,2023-11-09
404,379.31,2023-10-22
229,421.82,2023-01-28
368,424.3,2023-07-13
101,79.48,2023-08-31
199,107.98,2023-11-09
49,309.12,2023-10-24
139,385.87,2023-06-15
308,315.64,2023-04-13
492,177.61,2023-06-23
296,36.81,2023-04-17
98,431.09,2023-10-14
457,193.12,2023-03-03
433,39.32,2023-02-01
377,283.96,2023-03-03
24,144.41,2023-08-05
206,396.34,2023-04-18
144,465.48,2023-10-10
428,192.61,2023-05-15
245,27.22,2023-09-17
265,33.41,2023-01-19
466,306.31,2023-02-17
31,231.94,2023-10-23
26,433.85,2023-10-25
203,285.41,2023-05-21
380,40.97,2023-11-28
351,360.32,2023-06-18
190,94.55,2023-05-28
302,385.72,2023-07-26
314,193.98,2023-03-19
326,125.05,2023-11-25
48,59.19,2023-08-28
312,33.96,2023-08-04
140,324.38,2023-02-13
336,499.14,2023-06-18
205,484.92,2023-08-23
420,294.29,2023-12-10
373,196.56,2023-07-04
342,435.2,2023-07-06
67,243.49,2023-02-02
433,247.41,2023-10-22
113,279.56,2023-04-27
474,352.44,2023-01-22
37,431.97,2023-11-22
116,78.46,2023-07-07
39,268.2,2023-10-13
110,451.56,2023-05-09
58,85.08,2023-10-02
260,64.86,2023-02-19
228,68.89,2023-11-23
494,129.34,2023-05-19
272,216.38,2023-12-03
69,324.9,2023-05-09
287,373.46,2023-08-13
422,304.75,2023-11-12
486,166.93,2023-02-18
280,36.16,2023-06-19
94,108.24,2023-01-02
29,148.87,2023-01-29
219,267.85,2023-09-06
231,147.75,2023-05-22
43,138.6,2023-07-19
13,74.34,2023-03-12
52,437.44,2023-07-09
48,361.69,2023-09-09
159,324.62,2023-03-03
49,153.48,2023-03-15
159,147.03,2023-11-10
75,311.99,2023-07-27
149,307.39,2023-03-10
75,387.55,2023-08-12
253,109.91,2023-03-11
208,178.05,2023-12-18
404,391.62,2023-12-06
1,36.8,2023-05-20
200,27.25,2023-05-08
244,365.64,2023-10-25
392,202.99,2023-03-31
196,194.31,2023-02-26
242,459.93,2023-12-22
124,308.7,2023-09-21
292,201.39,2023-04-16
364,326.48,2023-04-22
4,378.66,2023-04-18
395,167.28,2023-07-29
227,174.31,2023-08-07
287,95.37,2023-07-04
354,437.21,2023-06-14
457,427.62,2023-01-14
385,359.06,2023-04-20
171,216.37,2023-10-23
284,137.72,2023-08-25
433,122.84,2023-07-27
402,327.17,2023-12-11
246,190.35,2023-10-02
416,300.15,2023-12-23
62,425.63,2023-04-19
314,354.69,2023-06-01
333,144.23,2023-11-05
472,263.99,2023-01-19
428,388.76,2023-08-03
33,189.07,2023-08-21
251,297.23,2023-06-29
415,238.16,2023-02-25
123,157.08,2023-11-16
75,393.72,2023-07-21
238,368.99,2023-07-08
12,285.53,2023-12-26
84,27.95,2023-10-20
28,242.96,2023-12-20
154,436.05,2023-11-29
207,246.38,2023-01-08
242,91.8,2023-05-02
324,310.45,2023-05-07
60,348.56,2023-12-09
347,184.39,2023-11-08
210,248.84,2023-09-14
488,48.63,2023-03-26
359,49.37,2023-01-17
284,353.09,2023-11-30
27,190.94,2023-06-07
41,46.83,2023-07-23
207,461.12,2023-07-08
115,421.81,2023-03-04
34,497.69,2023-05-13
76,268.29,2023-02-06
5,400.94,2023-03-18
27,108.44,2023-03-24
481,195.98,2023-11-20
298,237.83,2023-02-24
145,12.92,2023-11-25
179,243.68,2023-10-02
378,111.67,2023-05-11
211,89.9,2023-05-30
4,262.24,2023-05-31
334,253.73,2023-08-16
226,124.26,2023-09-19
138,162.71,2023-07-07
128,401.97,2023-06-28
305,212.09,2023-06-29
402,123.69,2023-02-07
294,449.88,2023-07-05
376,390.04,2023-04-25
205,400.35,2023-03-22
41,104.66,2023-01-28
469,427.76,2023-10-04
180,198.95,2023-08-19
148,292.26,2024-01-01
72,38.72,2023-06-02
220,173.85,2023-08-24
85,447.74,2023-01-24
237,381.06,2023-06-17
119,440.74,2023-12-11
82,151.9,2023-08-13
480,135.93,2023-06-09
140,15.04,2023-12-01
272,467.87,2023-07-23
118,21.32,2023-10-02
68,395.31,2023-02-08
467,281.73,2023-03-01
116,465.47,2023-02-28
347,403.34,2023-11-09
78,396.63,2023-06-27
484,272.11,2023-07-29
306,359.15,2023-09-30
261,335.84,2023-03-01
3,140.72,2023-12-15
461,421.98,2023-04-28
300,298.76,2023-04-21
104,157.71,2023-07-27
340,239.41,2023-10-24
256,300.7,2023-10-14
167,57.41,2023-09-21
10,64.77,2023-06-11
4,202.43,2023-02-01
418,334.26,2023-05-24
220,86.78,2023-02-28
391,121.18,2023-09-08
294,377.86,2023-10-06
158,59.58,2023-05-20
38,307.0,2023-07-05
9,133.47,2023-01-02
230,95.23,2023-02-04
102,135.99,2023-09-08
34,455.98,2023-02-26
93,492.3,2023-07-31
244,97.89,2023-04-12
71,427.84,2023-05-17
314,269.73,2023-10-12
276,498.09,2023-07-26
486,74.84,2023-08-10
273,52.11,2023-05-20
147,261.82,2023-02-01
123,479.13,2023-12-30
312,428.39,2023-01-27
41,342.91,2023-07-19
447,371.02,2023-01-03
138,374.86,2023-04-29
256,354.93,2023-02-14
280,491.39,2023-09-05
345,377.43,2023-06-21
243,180.94,2023-02-05
218,277.14,2023-04-03
93,76.26,2023-12-29
421,314.16,2023-06-30
402,204.03,2023-04-12
162,335.97,2023-01-03
54,231.42,2023-10-26
117,455.74,2023-12-14
136,464.55,2023-08-24
310,185.76,2023-08-15
344,26.49,2023-07-13
305,479.16,2023-02-06
214,10.47,2023-06-04
284,78.86,2023-11-13
372,235.49,2023-06-27
459,114.35,2023-05-28
144,426.31,2023-09-22
330,181.52,2023-08-11
78,301.04,2023-01-12
296,199.13,2023-11-12
480,422.84,2023-07-27
46,210.69,2023-04-17
478,211.36,2023-10-14
221,161.77,2023-04-05
98,356.74,2023-03-10
318,308.55,2023-09-19
307,333.57,2023-02-20
267,390.24,2023-08-10
320,248.12,2023-05-12
143,59.79,2023-01-02
90,55.31,2023-09-13
284,399.85,2023-07-07
434,357.25,2023-07-17
410,286.86,2023-10-06
491,88.54,2023-07-30
451,50.76,2023-02-17
293,116.74,2023-10-08
449,24.08,2023-02-28
192,134.99,2023-07-15
313,442.62,2023-01-12
472,270.25,2023-12-03
473,189.4,2023-01-17
334,60.55,2023-10-15
47,12.79,2023-03-18
398,329.34,2023-07-25
481,469.79,2023-04-08
156,359.53,2023-02-15
426,376.69,2023-04-14
4,286.0,2023-01-17
91,49.18,2023-01-28
50,33.28,2023-03-26
401,381.91,2023-06-23
432,424.89,2023-07-24
78,264.27,2023-04-14
272,477.64,2023-11-13
360,451.56,2023-07-20
230,93.06,2023-09-11
152,447.37,2023-04-11
35,243.29,2023-08-01
46,154.86,2023-04-12
156,368.36,2023-07-04
52,374.74,2023-02-22
327,192.85,2023-06-18
145,321.41,2023-09-27
116,79.1,2023-04-20
135,57.32,2023-04-17
254,465.2,2023-09-30
147,434.77,2023-08-29
427,111.02,2023-12-09
104,159.58,2023-01-09
258,315.33,2023-12-17
365,172.43,2023-06-09
215,162.9,2023-12-26
329,131.76,2023-07-24
449,209.48,2023-04-19
76,374.47,2023-02-23
286,264.09,2023-11-22
66,73.05,2023-08-26
140,158.32,2023-04-09
94,75.55,2023-03-09
297,294.1,2023-07-23
422,135.63,2023-02-22
78,275.21,2023-07-24
366,243.88,2023-02-16
78,384.12,2023-11-25
96,446.18,2023-01-03
100,452.81,2023-03-04
446,321.94,2023-07-17
45,104.64,2023-06-13
181,116.8,2023-07-01
290,438.9,2023-09-24
219,398.31,2023-12-22
136,209.45,2023-05-14
400,190.05,2023-01-04
171,54.67,2023-07-21
219,460.07,2023-03-01
304,289.23,2023-08-31
125,396.21,2023-10-10
365,233.12,2023-11-21
352,430.59,2023-09-21
296,395.81,2023-06-19
127,323.05,2023-01-01
300,59.44,2023-05-16
20,182.49,2023-07-05
55,181.71,2023-03-31
158,484.75,2023-06-24
20,458.79,2023-09-25
20,414.55,2023-06-14
320,87.91,2023-12-06
359,13.33,2023-03-25
16,104.39,2023-11-10
89,406.77,2023-12-13
451,349.26,2023-02-13
488,26.85,2023-06-25
17,494.97,2023-05-29
31,394.24,2023-06-17
447,381.53,2023-07-25
289,335.7,2023-12-17
280,49.91,2023-12-07
215,41.84,2023-11-01
60,123.06,2023-06-14
408,56.73,2023-06-16
71,63.59,2023-06-17
161,325.74,2023-07-23
84,14.76,2023-07-25
487,166.7,2023-07-31
444,328.88,2023-10-24
106,398.87,2023-10-08
97,104.7,2023-03-10
291,99.46,2023-06-19
142,93.14,2023-12-02
415,106.48,2023-11-17
476,446.52,2023-11-09
123,360.77,2023-11-11
498,294.19,2023-08-03
326,146.87,2023-02-22
382,163.54,2023-01-28
339,211.89,2023-11-17
160,129.91,2023-08-16
293,412.18,2023-12-05
225,211.47,2023-10-15
60,90.14,2023-09-18
330,225.3,2023-03-30
94,175.5,2023-10-23
250,252.31,2023-12-15
430,71.51,2023-04-30
258,371.86,2023-08-08
96,365.3,2023-09-24
411,341.08,2023-01-28
477,160.4,2023-05-13
358,282.39,2023-12-07
133,37.22,2023-05-22
403,75.49,2023-09-06
34,31.7,2023-02-01
39,161.41,2023-01-22
344,452.23,2023-09-27
129,332.54,2023-04-23
139,443.46,2023-07-22
163,196.83,2023-03-18
438,247.44,2023-07-29
158,308.29,2023-01-24
217,63.74,2023-03-19
30,62.99,2023-04-05
405,119.12,2023-05-11
25,125.67,2023-07-08
262,427.97,2023-01-05
150,314.21,2023-10-06
177,185.82,2023-05-26
239,305.12,2023-12-03
117,305.62,2023-09-24
215,289.31,2023-07-12
356,408.12,2023-10-27
185,69.19,2023-07-31
13,364.72,2023-10-24
499,320.18,2023-08-27
431,326.69,2023-01-17
338,412.31,2023-04-27
185,101.41,2023-02-17
235,249.89,2023-10-16
274,215.44,2023-10-17
185,356.08,2023-05-26
11,304.16,2023-01-30
414,384.4,2023-05-06
376,243.01,2023-01-02
390,249.23,2023-11-02
449,135.29,2023-07-06
481,32.06,2023-10-30
40,99.63,2023-08-19
297,141.95,2023-11-26
462,383.3,2023-08-07
246,144.48,2023-07-06
40,460.19,2023-04-10
197,284.85,2023-05-04
406,72.31,2023-10-04
391,414.77,2023-08-23
124,347.58,2023-09-20
453,20.27,2023-07-09
297,309.15,2023-07-06
94,211.02,2023-02-20
143,303.87,2023-12-09
242,205.66,2023-05-19
463,102.21,2023-12-12
410,290.37,2023-01-27
96,308.7,2023-04-06
304,318.41,2023-06-02
314,227.51,2023-03-28
198,311.97,2023-11-15
270,301.8,2023-04-08
129,191.0,2023-05-03
75,384.63,2023-04-23
259,397.45,2023-05-01
377,229.37,2023-05-31
16,219.75,2023-04-21
2,391.75,2023-09-09
106,379.08,2023-08-27
289,383.67,2023-03-27
461,154.19,2023-04-25
169,299.93,2023-10-16
23,300.06,2023-04-20
335,43.09,2023-12-21
181,212.06,2023-11-15
410,92.19,2023-11-22
450,411.53,2023-05-26
236,479.06,2023-03-16
114,497.11,2023-07-13
409,431.38,2023-08-20
489,232.22,2023-02-20
206,318.29,2023-06-11
194,318.64,2023-12-28
264,258.07,2023-10-06
407,241.34,2023-02-05
117,314.81,2023-03-11
263,94.98,2023-10-03
328,59.59,2023-06-14
214,305.25,2023-09-09
447,67.29,2023-11-09
173,297.84,2023-01-10
331,298.54,2023-03-09
365,71.1,2023-04-27
350,69.67,2023-07-06
466,367.61,2023-02-21
44,38.84,2023-06-20
23,220.85,2023-01-08
364,133.68,2023-12-05
68,436.35,2023-04-24
488,214.12,2023-12-03
491,438.5,2023-06-02
352,436.91,2023-03-24
497,387.46,2023-03-12
105,439.15,2023-01-05
276,13.82,2023-10-25
93,245.21,2023-09-18
359,468.53,2023-09-19
140,91.41,2023-11-04
285,113.41,2023-06-07
92,57.26,2023-07-01
259,313.41,2023-11-14
88,428.55,2023-04-07
88,345.75,2023-08-02
499,40.53,2023-09-07
328,47.42,2023-08-01
307,220.1,2023-06-25
329,316.84,2023-02-28
445,326.97,2023-01-02
236,322.36,2023-08-01
343,214.15,2023-10-20
165,196.71,2023-11-05
85,147.15,2023-04-22
144,436.95,2023-11-28
368,435.75,2023-04-14
252,339.3,2023-02-01
489,237.59,2023-01-30
370,136.43,2023-07-21
193,400.67,2023-10-04
309,430.23,2023-04-01
304,31.78,2023-12-07
55,53.78,2023-04-27
165,81.07,2023-12-20
483,496.34,2023-10-25
428,495.73,2023-09-04
347,335.76,2023-11-11
426,34.25,2023-04-09
58,126.53,2023-06-03
96,62.65,2023-01-28
82,34.97,2023-02-28
188,276.93,2023-06-04
430,240.66,2023-11-09
328,330.27,2023-01-09
314,203.54,2023-01-27
127,467.5,2023-07-06
273,207.31,2023-04-19
236,215.46,2023-03-16
1,47.35,2023-12-14
494,325.9,2023-05-02
338,29.81,2023-08-24
376,300.88,2023-03-18
273,488.28,2023-05-20
168,453.16,2023-10-02
21,304.18,2023-09-23
191,381.09,2023-12-22
267,374.02,2023-06-19
216,337.36,2023-02-18
377,339.25,2023-11-10
69,440.64,2023-09-29
172,287.51,2023-09-08
57,444.61,2023-01-03
247,262.29,2023-11-22
60,346.21,2023-05-27
266,310.09,2024-01-01
218,321.42,2023-05-23
3,424.06,2023-05-23
209,62.2,2023-08-23
360,106.55,2023-09-06
56,475.01,2023-06-09
213,15.77,2023-04-05
305,479.8,2023-06-19
431,10.03,2023-11-02
453,372.73,2023-01-21
52,287.07,2023-04-21
424,469.88,2023-10-20
58,323.1,2023-07-09
295,148.29,2023-01-26
96,288.34,2023-09-09
459,193.3,2023-12-31
20,386.19,2023-10-07
91,366.56,2023-04-04
52,73.65,2023-01-09
371,314.89,2023-01-10
250,142.72,2023-03-02
386,41.71,2023-11-02
139,402.41,2023-08-23
284,456.61,2023-01-19
426,289.32,2023-07-23
227,184.17,2023-01-07
410,418.68,2023-08-05
103,488.89,2023-08-03
148,293.29,2023-10-07
199,177.53,2023-08-04
345,166.27,2023-05-10
411,479.96,2023-06-06
89,300.12,2023-05-25
131,68.59,2023-05-15
376,175.83,2023-08-07
452,58.82,2023-11-02
200,81.4,2023-09-23
314,196.79,2023-08-11
37,329.76,2023-10-17
375,411.36,2023-05-20
288,432.91,2023-10-05
24,312.82,2023-03-26
402,164.66,2023-11-09
310,347.07,2023-01-10
64,35.67,2023-08-25
93,27.34,2023-01-13
30,482.11,2023-11-30
500,124.53,2023-03-09
281,385.87,2023-11-03
391,337.54,2023-07-14
149,335.38,2023-05-10
462,62.32,2023-12-17
4,79.13,2023-02-24
385,266.61,2023-08-25
132,312.69,2023-07-21
378,121.04,2023-11-18
322,13.58,2023-09-30
244,435.97,2023-01-28
109,338.02,2023-09-02
115,295.72,2023-02-22
348,125.95,2023-06-30
266,248.43,2023-01-30
399,369.52,2023-03-10
288,431.96,2023-12-30
192,47.13,2023-02-09
122,278.22,2023-06-26
290,499.25,2023-06-09
18,410.27,2023-07-09
261,201.73,2023-08-30
442,385.63,2023-04-01
487,290.54,2023-08-01
474,342.06,2023-11-05
3,462.57,2023-08-29
81,64.64,2023-12-09
196,75.77,2023-04-30
427,51.42,2023-10-11
366,133.42,2023-07-24
33,155.77,2023-09-01
53,158.41,2023-09-16
479,50.43,2023-10-15
160,115.45,2023-07-05
307,450.14,2023-08-08
110,40.23,2023-12-16
428,87.89,2023-06-03
485,392.74,2023-03-08
303,276.0,2023-09-11
325,17.42,2023-10-09
221,341.24,2023-04-16
4,220.4,2023-04-16
52,107.14,2023-05-01
110,294.18,2023-06-11
401,477.39,2023-04-16
244,257.67,2023-04-05
157,18.99,2023-05-08
95,435.33,2023-04-20
447,62.51,2023-09-28
491,399.71,2023-04-07
350,236.27,2023-05-03
76,356.84,2023-07-28
344,176.08,2023-06-01
64,25.23,2023-08-12
19,90.2,2023-03-14
177,41.14,2023-01-27
421,46.33,2023-02-22
308,201.62,2023-11-30
374,270.24,2023-07-04
335,67.89,2023-02-07
436,54.67,2023-07-04
138,416.92,2023-10-28
325,213.97,2023-02-04
165,314.19,2023-10-02
215,210.47,2024-01-01
283,336.68,2023-08-07
55,169.77,2023-10-08
305,492.43,2023-11-22
392,175.07,2023-06-10
363,34.07,2023-01-10
414,69.83,2023-03-19
311,141.17,2023-05-14
207,119.92,2023-11-11
315,391.51,2023-07-11
78,316.37,2023-01-06
396,337.05,2023-12-28
458,347.03,2023-01-29
165,166.88,2023-12-21
159,236.94,2023-02-14
380,392.49,2023-05-19
450,283.93,2023-09-07
345,124.96,2023-01-25
400,192.56,2023-04-07
231,386.77,2023-02-03
36,211.11,2023-02-18
287,258.9,2023-09-07
197,41.38,2023-12-30
396,221.13,2023-09-18
144,280.39,2023-10-29
87,347.43,2023-01-05
77,138.8,2023-08-11
365,130.35,2023-06-29
22,37.61,2023-08-16
258,232.13,2023-12-20
143,406.56,2023-07-11
162,347.22,2023-12-16
68,99.16,2023-01-15
339,386.78,2023-07-15
48,93.75,2023-01-30
461,180.04,2023-08-03
346,185.53,2023-04-22
141,120.25,2023-05-03
323,422.82,2023-05-23
301,331.8,2023-10-18
290,239.06,2023-05-17
331,401.26,2023-04-26
223,385.96,2023-01-10
43,137.12,2023-07-15
100,474.68,2023-05-04
273,146.9,2023-02-20
103,460.69,2023-02-26
360,238.93,2023-02-13
448,296.54,2023-05-18
341,16.14,2023-02-15
367,283.07,2023-04-19
177,350.36,2023-02-22
73,395.82,2023-06-07
166,93.38,2023-07-16
466,23.36,2023-09-19
148,111.51,2023-10-15
278,208.18,2023-05-16
1,333.28,2023-11-12
256,51.16,2023-05-28
462,351.92,2023-03-07
202,282.06,2023-07-19
28,259.54,2023-12-16
67,113.56,2023-12-16
299,291.09,2023-01-08
253,60.65,2023-11-05
312,446.67,2023-02-26
244,254.33,2023-02-12
434,129.12,2023-09-03
291,86.87,2023-01-22
442,352.57,2023-08-13
367,221.54,2023-11-27
292,192.45,2023-09-07
42,75.04,2023-08-16
112,258.21,2023-09-24
98,299.93,2023-03-29
415,50.6,2023-06-04
226,304.75,2023-01-23
16,395.73,2023-03-10
467,401.65,2023-10-04
167,232.55,2023-01-07
68,311.92,2023-03-27
307,11.24,2023-06-04
172,115.79,2023-01-31
55,395.86,2023-04-01
191,471.93,2023-12-08
362,92.8,2023-02-13
32,207.97,2023-07-31
32,268.15,2023-01-06
327,126.83,2023-08-27
306,439.23,2023-09-26
118,249.4,2023-10-26
432,331.76,2023-09-15
136,210.64,2023-03-26
290,73.86,2023-08-17
417,394.93,2023-05-19
386,362.93,2023-10-04
375,423.67,2023-12-21
284,285.5,2023-08-18
467,43.19,2023-05-30
378,40.5,2023-08-21
448,100.47,2023-01-06
239,330.01,2023-04-23
479,114.0,2023-11-13
68,391.77,2023-02-04
375,115.55,2023-03-21
148,160.48,2023-10-20
224,128.62,2023-09-06
292,460.52,2023-07-01
467,311.28,2023-12-04
262,383.42,2023-06-03
54,443.17,2023-01-14
147,78.37,2023-10-28
166,48.12,2023-06-09
127,405.68,2023-12-17
215,90.92,2023-12-17
254,227.72,2023-12-10
350,169.82,2023-06-18
100,195.16,2023-04-30
19,293.61,2023-02-05
408,308.11,2023-03-09
493,123.32,2023-05-19
113,373.74,2023-02-22
346,45.78,2023-11-07
258,255.9,2023-09-03
228,374.74,2023-08-11
128,251.18,2023-11-22
163,425.44,2023-05-19
373,388.62,2023-10-06
244,355.74,2023-11-07
362,133.58,2023-11-19
263,159.69,2023-04-12
226,157.7,2023-08-02
185,421.64,2023-04-08
224,221.78,2023-08-06
361,98.22,2023-03-11
373,98.29,2023-05-20
31,141.23,2023-03-13
190,421.53,2023-09-16
308,183.6,2023-04-23
314,349.28,2023-11-20
435,354.39,2023-08-05
302,441.14,2023-11-25
25,230.06,2023-03-24
142,102.58,2023-09-29
119,162.01,2023-08-10
162,428.96,2023-02-13
239,341.42,2023-05-29
120,383.28,2023-04-22
411,323.87,2023-10-09
395,83.72,2023-08-29
137,356.21,2023-08-22
314,164.88,2023-12-06
410,234.31,2023-06-26
331,329.13,2023-04-13
410,14.32,2023-06-22
281,45.75,2023-07-24
99,433.14,2023-10-26
268,54.63,2023-03-18
267,110.74,2023-04-05
364,67.92,2023-08-04
466,412.49,2023-09-13
127,481.88,2023-01-11
274,444.35,2023-03-15
344,460.39,2023-09-16
198,311.23,2023-01-27
129,84.95,2023-10-20
88,125.55,2023-03-27
64,497.97,2023-11-28
104,361.12,2023-05-01
393,225.84,2023-07-22
253,295.71,2023-10-16
425,168.41,2023-09-26
412,130.52,2023-05-25
467,159.68,2023-10-30
478,434.7,2023-08-17
28,488.24,2023-01-06
454,298.43,2023-10-10
36,440.97,2023-10-12
148,480.56,2023-12-31
467,398.64,2023-07-08
474,474.86,2023-08-06
369,366.63,2023-01-21
258,349.41,2023-04-23
401,236.76,2023-02-01
46,329.9,2023-06-25
347,476.01,2023-02-02
8,284.69,2023-05-07
394,484.52,2023-06-30
434,375.26,2023-12-10
440,198.07,2023-10-16
26,429.85,2023-03-26
371,417.79,2023-09-30
325,278.69,2023-07-17
230,222.4,2023-12-02
365,489.26,2023-01-13
468,73.98,2023-02-03
16,436.34,2023-11-05
457,240.49,2023-09-21
309,136.81,2023-02-12
170,22.04,2023-10-23
67,328.67,2023-08-03
337,179.51,2023-08-16
300,125.03,2023-04-20
123,300.02,2023-06-03
220,202.49,2023-01-16
367,258.04,2023-09-02
82,424.39,2023-04-02
468,320.06,2023-10-16
309,108.02,2023-11-03
213,391.72,2023-06-30
79,80.57,2023-08-20
339,116.74,2023-02-08
415,335.93,2023-03-08
97,143.21,2023-07-20
259,299.7,2023-01-02
218,146.65,2023-02-23
183,374.91,2023-08-24
172,439.97,2023-09-10
177,402.92,2023-09-06
2,18.65,2023-04-05
489,446.63,2023-09-19
322,411.53,2023-03-29
44,372.38,2023-11-19
260,209.49,2023-03-19
296,259.87,2023-10-31
389,391.14,2023-06-13
93,37.17,2023-02-20
337,367.14,2023-10-24
358,407.01,2023-10-30
481,499.42,2023-05-03
500,307.39,2023-10-14
418,65.0,2023-07-11
429,370.41,2023-04-09
18,129.58,2023-01-02
434,42.05,2023-04-15
91,342.88,2023-04-27
149,273.22,2023-09-11
94,467.98,2023-10-18
231,34.01,2023-07-01
204,392.87,2023-04-10
355,411.81,2023-08-24
121,131.36,2023-04-18
189,151.63,2023-10-28
96,272.7,2023-10-29
209,357.67,2023-09-04
439,209.82,2023-09-28
97,60.35,2023-11-23
52,442.28,2023-05-09
351,104.5,2023-12-08
385,263.87,2023-05-06
212,275.77,2023-05-04
60,12.68,2023-06-21
24,187.54,2023-09-02
128,448.38,2023-08-02
491,86.6,2023-12-13
54,321.08,2023-01-04
246,113.65,2023-01-02
405,487.93,2023-07-05
166,212.24,2023-11-29
23,447.28,2023-12-28
68,309.75,2023-06-08
270,400.33,2023-08-06
257,339.76,2023-01-11
94,251.36,2023-07-08
261,446.45,2023-03-02
315,168.9,2023-10-21
138,444.66,2023-10-11
434,255.29,2023-07-07
309,68.15,2023-05-26
420,365.06,2023-03-10
83,240.43,2023-07-31
366,179.52,2023-05-19
364,158.14,2023-11-28
409,81.51,2023-11-26
472,338.23,2023-04-27
472,317.69,2023-03-13
43,281.37,2023-11-22
294,40.4,2023-12-14
290,150.83,2023-09-16
270,231.44,2023-03-06
460,397.69,2023-11-25
265,26.18,2023-12-16
26,385.27,2023-06-28
489,192.58,2023-06-27
406,286.93,2023-09-18
452,207.45,2023-02-06
246,346.68,2023-04-03
166,305.23,2023-04-05
468,151.0,2023-06-30
417,66.99,2023-08-28
113,93.83,2023-08-15
497,426.08,2023-09-13
361,105.32,2023-02-10
89,484.76,2023-09-07
55,492.36,2023-05-14
406,237.22,2023-03-06
409,262.04,2023-07-11
18,213.96,2023-04-05
361,192.43,2023-08-12
293,252.42,2023-10-28
471,309.5,2023-11-29
53,155.0,2023-12-06
348,268.92,2023-08-08
299,69.06,2023-11-24
363,175.59,2023-08-26
158,226.69,2023-06-06
270,315.22,2023-04-15
441,265.76,2023-10-16
59,470.65,2023-12-21
220,125.04,2023-03-25
467,333.39,2023-11-14
475,487.86,2023-07-02
210,297.5,2023-10-01
191,103.62,2023-09-06
5,72.49,2023-11-17
218,348.55,2023-11-22
77,299.69,2023-06-28
283,395.08,2023-06-01
442,484.73,2023-09-16
181,479.92,2023-09-09
310,69.14,2023-05-12
423,57.5,2023-04-25
438,489.62,2023-01-23
271,370.76,2023-02-11
397,352.52,2023-03-23
6,306.9,2023-12-21
318,472.85,2023-10-13
272,369.5,2023-04-22
121,42.55,2023-09-13
368,330.26,2023-03-05
466,118.76,2023-12-20
161,434.54,2023-04-15
155,261.69,2023-01-19
255,313.33,2023-04-17
28,152.2,2023-11-01
227,133.71,2023-04-26
449,271.93,2023-03-27
30,187.41,2023-08-31
129,229.93,2023-03-25
80,21.21,2023-01-26
102,212.43,2023-07-30
321,25.57,2023-03-22
103,294.94,2023-05-07
347,309.39,2023-02-10
312,462.39,2023-01-29
37,397.79,2023-08-25
355,404.18,2023-10-24
371,452.9,2023-10-25
412,108.78,2023-06-09
178,73.6,2023-09-06
391,56.93,2023-09-26
18,363.85,2023-12-05
124,466.03,2023-08-14
226,448.33,2023-12-20
223,95.78,2023-11-10
60,21.04,2023-10-27
115,384.65,2023-07-15
95,76.34,2023-07-05
370,110.75,2023-05-05
334,200.85,2023-05-13
204,145.88,2023-01-10
246,352.22,2023-11-01
45,425.11,2023-08-09
199,484.64,2023-04-27
233,212.38,2023-05-14
217,216.4,2023-09-21
119,337.33,2023-12-19
488,240.39,2023-05-08
447,139.16,2023-12-30
219,266.85,2023-07-04
340,143.43,2023-02-24
214,351.98,2023-11-03
176,48.78,2023-05-30
53,316.16,2023-11-06
353,63.6,2023-12-02
336,70.25,2023-07-08
95,492.06,2023-04-30
274,212.02,2023-01-22
265,124.21,2023-06-09
223,216.54,2023-01-21
265,175.46,2023-09-14
231,310.35,2023-08-16
240,210.1,2023-04-29
226,219.28,2023-03-14
428,124.52,2023-07-07
187,53.62,2023-10-09
164,364.23,2023-09-23
260,145.82,2023-03-27
148,300.54,2023-12-28
199,205.53,2023-04-16
251,259.96,2023-08-23
56,412.21,2023-11-21
154,355.36,2023-07-21
31,460.33,2023-09-06
69,335.41,2023-07-28
194,346.8,2023-06-04
113,429.78,2023-03-04
36,425.32,2023-09-29
213,281.81,2023-09-16
448,257.58,2023-07-19
179,238.62,2023-03-30
28,275.38,2023-04-03
107,359.15,2023-11-14
249,99.62,2023-06-30
441,255.46,2023-02-19
444,230.75,2023-11-05
400,45.08,2023-04-22
102,190.76,2023-08-26
338,369.84,2023-03-11
402,218.29,2023-11-12
43,211.59,2023-08-21
207,364.28,2023-08-29
349,372.1,2023-03-01
142,437.71,2023-06-29
437,183.24,2023-04-01
86,167.91,2023-11-17
63,79.45,2023-01-11
393,376.72,2023-03-18
191,207.41,2023-01-18
83,442.56,2023-12-07
216,385.11,2023-03-22
308,296.33,2023-04-20
152,269.74,2023-02-27
484,223.87,2023-05-21
29,416.95,2023-02-07
468,495.12,2023-07-14
346,147.38,2023-05-21
131,482.97,2023-09-11
321,319.75,2023-01-06
349,267.39,2023-10-13
454,147.8,2023-07-08
296,13.66,2023-07-12
342,138.19,2023-06-09
420,487.42,2023-12-01
449,431.03,2023-07-21
167,121.46,2023-09-19
497,336.97,2023-05-21
337,389.09,2023-10-20
321,465.07,2023-07-18
227,67.28,2023-08-19
27,491.1,2023-11-05
138,298.38,2023-09-03
333,51.67,2023-11-10
331,430.64,2023-08-30
401,284.09,2023-03-27
6,41.86,2023-06-06
29,220.49,2023-04-13
314,428.03,2023-12-08
378,480.39,2023-07-28
292,409.22,2023-03-26
6,324.32,2023-01-06
174,461.46,2023-07-14
403,469.64,2023-11-29
478,487.95,2023-09-25
396,231.96,2023-02-05
427,293.62,2023-03-29
434,222.95,2023-10-13
218,246.95,2023-12-01
312,125.63,2023-01-01
498,184.83,2023-09-18
162,257.33,2023-03-17
16,282.82,2023-07-01
148,218.74,2023-05-28
24,395.39,2023-12-27
181,239.46,2023-12-29
49,432.1,2023-07-17
221,395.45,2023-02-16
466,486.79,2023-06-27
311,96.69,2023-06-13
177,102.07,2023-04-13
381,26.66,2023-12-06
378,474.69,2023-08-01
343,143.58,2023-01-02
111,456.23,2023-10-11
436,144.58,2023-10-24
195,269.87,2023-03-04
187,469.37,2023-10-15
490,370.5,2023-06-30
21,266.37,2023-07-10
389,304.58,2023-02-05
210,107.55,2023-11-12
144,28.1,2023-01-25
456,63.98,2023-02-06
158,474.99,2023-11-12
187,213.23,2023-08-01
277,126.6,2023-01-26
445,482.93,2023-09-27
428,150.68,2023-05-17
123,32.1,2023-09-19
407,358.3,2023-03-01
138,357.95,2023-06-24
22,422.75,2023-12-16
220,401.46,2023-07-09
229,34.8,2023-02-26
312,454.45,2023-12-12
455,446.0,2023-12-23
272,105.47,2023-05-27
492,433.92,2023-06-17
196,426.5,2023-08-28
178,108.53,2023-04-25
471,303.54,2023-07-20
13,384.22,2023-04-12
71,164.42,2023-01-08
31,212.93,2023-11-20
387,277.32,2023-03-11
117,317.03,2023-05-01
22,430.55,2023-10-15
444,233.56,2023-11-03
450,174.67,2023-01-24
405,190.0,2023-10-02
55,459.31,2023-03-22
441,115.79,2023-07-23
348,334.64,2023-10-08
442,323.64,2023-11-12
387,66.01,2023-06-05
394,132.05,2023-04-16
160,464.82,2023-01-24
235,122.31,2023-03-17
291,216.88,2023-02-15
434,375.58,2023-04-20
488,16.38,2023-09-23
275,150.35,2023-10-26
499,64.2,2023-07-12
488,306.72,2023-10-25
400,464.22,2023-06-06
332,248.31,2023-10-27
178,418.95,2023-08-28
205,385.14,2023-05-16
161,96.37,2023-04-07
406,455.29,2023-05-23
68,56.61,2023-03-11
183,459.14,2023-06-30
363,262.67,2023-04-14
185,261.7,2023-10-23
416,333.3,2023-03-12
109,440.67,2023-03-11
304,253.63,2023-09-26
78,48.6,2023-12-09
73,389.4,2023-04-13
178,417.02,2023-05-04
296,435.35,2023-06-29
245,161.47,2023-01-30
145,32.14,2023-04-12
106,200.16,2023-02-13
222,385.37,2023-09-14
364,288.65,2023-09-04
65,252.53,2023-06-30
141,243.4,2023-11-25
394,255.62,2023-05-14
71,493.34,2023-12-21
438,168.4,2023-10-03
166,55.16,2023-03-27
268,411.94,2023-11-17
2,473.88,2023-10-31
41,465.01,2023-08-02
450,34.91,2023-09-07
34,210.53,2023-11-09
47,170.94,2023-03-16
263,282.14,2023-11-06
478,203.85,2023-04-24
167,71.95,2023-03-03
132,481.86,2023-08-14
37,150.61,2023-08-18
428,331.53,2023-04-03
454,71.37,2023-12-26
13,419.26,2023-10-16
395,121.65,2023-09-05
347,283.07,2023-04-15
216,74.98,2023-06-17
297,279.19,2023-07-23
162,149.0,2023-04-29
437,454.87,2023-09-30
308,455.05,2023-10-09
122,491.64,2023-03-28
394,179.16,2023-11-20
350,239.68,2023-02-01
138,140.85,2023-12-17
114,287.54,2023-02-27
424,237.96,2023-06-13
400,358.02,2023-03-20
52,120.31,2023-11-19
490,92.96,2023-04-18
112,262.58,2023-12-18
312,460.22,2023-11-22
471,499.17,2023-07-25
23,405.48,2023-11-08
396,457.38,2023-10-01
456,61.39,2023-11-26
127,249.07,2023-04-01
42,343.98,2023-03-18
212,426.2,2023-10-22
225,268.55,2023-04-06
117,106.66,2023-01-28
484,323.15,2023-06-04
122,414.17,2023-04-05
33,384.76,2023-11-02
291,94.42,2023-08-14
377,240.46,2023-02-12
342,264.28,2023-04-30
1,498.78,2023-10-20
284,11.48,2023-11-28
290,474.07,2023-09-27
355,40.17,2023-01-26
331,325.87,2023-07-01
273,192.6,2023-04-05
193,248.8,2023-05-26
295,221.77,2023-09-01
85,433.18,2023-05-24
453,68.88,2023-05-17
391,284.67,2023-05-07
144,422.77,2023-12-03
131,177.23,2023-12-02
416,167.14,2023-06-25
48,332.35,2023-11-26
495,404.19,2023-06-27
30,481.64,2023-06-26
374,387.0,2023-10-09
282,340.42,2023-05-31
379,236.6,2023-05-03
229,373.37,2023-01-07
224,194.14,2023-03-17
453,157.74,2023-07-17
346,56.87,2023-01-06
327,179.74,2023-12-20
93,376.96,2023-06-04
209,359.98,2023-01-01
463,326.33,2023-10-03
443,60.06,2023-10-20
227,391.18,2023-11-21
208,193.78,2023-04-22
10,352.33,2023-05-19
12,478.44,2023-12-12
85,155.63,2023-12-27
175,242.98,2023-08-20
94,430.05,2023-07-09
6,32.02,2023-10-30
369,492.69,2023-11-28
156,338.8,2023-03-07
109,302.77,2023-07-15
338,76.6,2023-03-05
239,331.33,2023-09-07
60,295.81,2023-07-27
172,30.74,2023-03-17
25,171.04,2023-05-30
472,475.44,2023-11-17
85,37.71,2023-06-18
438,26.38,2023-01-26
470,251.07,2023-03-18
381,202.78,2023-04-06
32,382.15,2023-03-08
122,71.34,2023-06-13
491,217.67,2023-11-18
269,297.0,2023-03-08
156,287.05,2023-02-24
38,61.26,2023-02-26
73,35.84,2023-07-04
365,417.24,2023-09-06
26,179.8,2023-11-07
146,386.86,2023-11-08
434,249.47,2023-04-29
155,121.49,2023-05-24
8,330.26,2023-01-16
12,401.17,2023-07-04
59,97.81,2023-02-18
429,330.5,2023-02-12
4,127.29,2023-08-03
174,323.87,2023-10-14
323,377.87,2023-09-27
44,11.2,2023-11-23
367,496.47,2023-09-23
474,279.94,2023-04-03
453,320.21,2023-11-02
437,81.97,2023-07-18
490,428.28,2023-09-30
324,439.04,2023-11-12
290,30.64,2023-09-27
185,497.05,2023-10-08
55,11.28,2023-01-18
351,473.69,2023-06-22
15,149.36,2023-10-07
384,123.92,2023-11-07
371,61.57,2023-05-09
132,400.76,2023-05-01
15,313.31,2023-03-30